2023-05-10T20:50:03+01:00,c0b9723,MiguelAnastacio,Fix checkpoint bug,,,
2023-05-10T20:40:52+01:00,6d8e56a,MiguelAnastacio,Fixing Space Bar crashing in the main menu,,,
2023-05-10T20:14:15+01:00,a0a0a5d,MiguelAnastacio,Build for today,,,
2023-05-10T18:59:00+01:00,28d191d,Miguel-Anastacio,Merge pull request #57 from Miguel-Anastacio/10/05-Miguel,,,
2023-05-10T18:54:59+01:00,f0eafd3,MiguelAnastacio,Balance Tweaks,,,
2023-05-10T18:17:52+01:00,4.21E+11,MiguelAnastacio,Fix Skybox,,,
2023-05-10T17:58:27+01:00,251214,MiguelAnastacio,Forgot to commit umap,,,
2023-05-10T17:57:03+01:00,9db9003,MiguelAnastacio,Added Floating Movement to use in asteroids,,,
2023-05-10T17:40:21+01:00,02fe178,MiguelAnastacio,Cleanup code tweaked enemy values,,,
2023-05-10T17:22:41+01:00,d0a198e,MiguelAnastacio,Items Set Up For Loading,,,
2023-05-10T16:36:43+01:00,6e0759f,MiguelAnastacio,More feedback when saving,,,
2023-05-10T16:32:17+01:00,465fdd8,MiguelAnastacio,Added audio positive and negative,,,
2023-05-10T16:07:14+01:00,f2b09d6,JakeSullivan3D,Asteroid-overhaul,,,
2023-05-10T15:35:52+01:00,a2f9e94,JakeSullivan3D,Sun final overhaul,,,
2023-05-10T15:06:21+01:00,2a86ae3,MiguelAnastacio,Fix Bug EnemyHealthbar, Adjusted settings UI, Fix route highlight,
2023-05-10T14:02:04+01:00,262027c,JakeSullivan3D,Final fixes,,,
2023-05-10T10:51:52+01:00,3f25a19,Liam Donald,Fix: Route and Save Crash,,,
2023-05-09T19:11:51+01:00,9ee4ec2,Miguel-Anastacio,Merge pull request #56 from Miguel-Anastacio/09/05-Miguel,,,
2023-05-09T19:11:45+01:00,e105efe,Miguel-Anastacio,Merge branch 'main' into 09/05-Miguel,,,
2023-05-09T19:07:06+01:00,c0c0dd3,MiguelAnastacio,Added support to read from a save game,,,
2023-05-09T18:32:13+01:00,3e0227e,MiguelAnastacio,New text box vendor, Fixed button size in quest completed.,,
2023-05-09T17:52:49+01:00,5a8d08a,MiguelAnastacio,Fixed Hull, LevelUp Ui working properly. Skill check fix,,
2023-05-09T06:08:09+01:00,1b7ff37,Liam Donald,Merge pull request #55 from Miguel-Anastacio/09/05-Liam,,,
2023-05-09T06:06:25+01:00,1.25E+11,Liam Donald,Fix: Player pointer and Set up loading route,,,
2023-05-09T02:58:11+01:00,c13912c,Liam Donald,Some Quick Polishing,,,
2023-05-09T00:21:14+01:00,7e7a0c1,Miguel-Anastacio,Merge pull request #54 from Miguel-Anastacio/09/05-Miguel,,,
2023-05-09T00:19:03+01:00,1.52E+96,MiguelAnastacio,Saving files,,,
2023-05-08T23:06:20+01:00,f9263e0,MiguelAnastacio,Fixed Space Bar Bug, Changed VictorySFX, GameOver Screen, Fixed Skill check bug
2023-05-08T21:08:21+01:00,332d2ec,Liam Donald,Merge pull request #53 from Miguel-Anastacio/01-05-Owen,,,
2023-05-08T21:08:14+01:00,6925796,Liam Donald,Merge branch 'main' into 01-05-Owen,,,
2023-05-08T19:21:33+01:00,68a390e,Miguel-Anastacio,Merge pull request #52 from Miguel-Anastacio/08/05-Miguel,,,
2023-05-08T19:19:40+01:00,b7f0bfb,MiguelAnastacio,Transition After Combat, Changed Icons in select screen,,
2023-05-08T14:56:33+01:00,e2ed108,JakeSullivan3D,Viking ships,,,
2023-05-08T12:23:30+01:00,440c31b,MiguelAnastacio,Fixing broken things from merge,,,
2023-05-08T11:51:11+01:00,c43cb06,Miguel-Anastacio,Merge pull request #51 from Miguel-Anastacio/05/05-Miguel,,,
2023-05-08T11:51:00+01:00,b4c4fc1,Miguel-Anastacio,Merge branch 'main' into 05/05-Miguel,,,
2023-05-08T11:32:31+01:00,5f7a86f,MiguelAnastacio,LevelUp screen bones,,,
2023-05-08T07:35:53+01:00,9414c9c,Liam Donald,Merge pull request #50 from Miguel-Anastacio/07/05-Liam,,,
2023-05-08T07:30:35+01:00,e01ff65,Liam Donald,Forgot a file,,,
2023-05-08T07:13:05+01:00,b61c736,Liam Donald,Added Settings UI and Some Tweaks to the Details,,,
2023-05-06T17:11:12+01:00,04aae10,MiguelAnastacio,Added audio when turbo is engaged,,,
2023-05-06T16:42:52+01:00,18ad681,MiguelAnastacio,Added quests, Main Menu updates if there is a save,,
2023-05-06T07:35:27+01:00,6e0a8f1,Liam Donald,Merge pull request #49 from Miguel-Anastacio/06/05-Liam,,,
2023-05-06T07:26:15+01:00,d476bcc,Liam Donald,Fix: Bullet and Spaceship Collision is fully working,,,
2023-05-06T04:47:10+01:00,d9c4c96,Liam Donald,Fix: Route Splines,,,
2023-05-05T19:52:31+01:00,96d5afc,MiguelAnastacio,Updated Planet Text,,,
2023-05-05T19:48:09+01:00,4c1ed84,MiguelAnastacio,Added Events,,,
2023-05-05T19:14:11+01:00,9.98E+84,MiguelAnastacio,Button audio now has volume variable,,,
2023-05-05T18:29:05+01:00,55a0ee5,MiguelAnastacio,New version of the minigame,,,
2023-05-05T16:16:51+01:00,59447b2,MiguelAnastacio,Messing around with asteroids as details,,,
2023-05-05T14:55:43+01:00,382eeb8,MiguelAnastacio,Changed vendor actor setup,,,
2023-05-05T14:36:36+01:00,b339dbd,MiguelAnastacio,Fix empty store bug,,,
2023-05-04T19:11:51+01:00,ae02e2e,MiguelAnastacio,Slight tweaks before the build,,,
2023-05-04T18:20:21+01:00,53d4010,Liam Donald,Quick Minigame Fix,,,
2023-05-04T03:25:10+01:00,0af78c8,Liam Donald,Minigame UI update,,,
2023-05-03T20:15:17+01:00,a7bfa83,Liam Donald,Small UI and Main Menu Changes,,,
2023-05-03T19:03:39+01:00,ab76b6b,MiguelAnastacio,Forgot to save some files before the merge,,,
2023-05-03T18:53:47+01:00,af874e3,Miguel-Anastacio,Merge pull request #48 from Miguel-Anastacio/02/05-Miguel,,,
2023-05-03T18:53:16+01:00,80e72ff,Miguel-Anastacio,Merge branch 'main' into 02/05-Miguel,,,
2023-05-03T18:27:35+01:00,0c00206,MiguelAnastacio,Fix some items values, Improved Route selection screen,,
2023-05-03T15:54:43+01:00,2f0afc3,MiguelAnastacio,Previous fix for items and stats bug would lead to other problems,,,
2023-05-03T15:46:45+01:00,e6b7ad7,MiguelAnastacio,UI tweaks, Fixed bug of items not being applied to stats (only the last one was working),,
2023-05-03T13:50:27+01:00,bf67e44,MiguelAnastacio,Fixed button sizes and tweaked values in events and items,,,
2023-05-03T13:12:08+01:00,c8a0904,MiguelAnastacio,More Items, Inventory of vendors now has a max of 2 items/ category,,
2023-05-03T11:20:15+01:00,e0ed53d,Liam Donald,Merge pull request #47 from Miguel-Anastacio/02/05---Liam,,,
2023-05-03T11:12:49+01:00,590bce0,Liam Donald,Minigame And Skybox Changes,,,
2023-05-02T19:11:51+01:00,9161a23,MiguelAnastacio,New UI assets, Improved Store, Improved health bar, Added dodge back in
2023-05-02T14:01:42+01:00,7df58f9,Liam Donald,Main Menu Animations and functionality added,,,
2023-05-02T13:52:21+01:00,ebbd586,OWEN MCINTOSH,Update DefaultEngine.ini,,,
2023-05-02T13:51:47+01:00,55ecf64,OWEN MCINTOSH,more save stuff, refactored code,,
2023-05-02T04:43:58+01:00,07f5b53,OwenMcintosh,fixed primative save system,,,
2023-05-02T00:36:06+01:00,d60ada4,Liam Donald,Quickly fixing some merge issues,,,
2023-05-01T19:13:33+01:00,23984c8,MiguelAnastacio,Forgot to save changes from previous commit,,,
2023-05-01T19:10:33+01:00,47cc747,MiguelAnastacio,Fixing broken connection between bp and code. Changed transition from character selection to planet,,,
2023-05-01T18:28:30+01:00,245d7e8,Miguel-Anastacio,Merge pull request #46 from Miguel-Anastacio/27/04-Miguel,,,
2023-05-01T18:26:05+01:00,c7b4341,Miguel-Anastacio,Merge branch 'main' into 27/04-Miguel,,,
2023-05-01T17:56:07+01:00,27c1492,MiguelAnastacio,Forgot to commit bp_route,,,
2023-05-01T17:55:46+01:00,36a9242,MiguelAnastacio,Tweaking UI, Fixed Events not firing on 2nd route, Added faction variable to player,
2023-05-01T06:41:07+01:00,52ffccd,Liam Donald,Merge pull request #45 from Miguel-Anastacio/29/04-Liam,,,
2023-05-01T06:39:50+01:00,d6f523b,Liam Donald,FIX: Buoys Percentage, Buoys on current path only,,
2023-04-28T18:31:38+01:00,fe23d44,MiguelAnastacio,UI Tweaks,,,
2023-04-28T05:53:17+01:00,9cc9aae,Liam Donald,Update: Fixed Editor Warnings and Updated the planet list,,,
2023-04-27T19:15:20+01:00,6cf59b5,MiguelAnastacio,Fix for player pause is actually in this file, changed the level blueprint,,
2023-04-27T19:13:14+01:00,231031,MiguelAnastacio,UI Tweaks, Added Data Table for Text Effects, Fixed graphic bugs in store,
2023-04-27T16:11:23+01:00,b7e8cdc,MiguelAnastacio,Fixed Bug with space bar and buttons, Added fonts to button and title,,
2023-04-27T14:26:11+01:00,6a7292c,MiguelAnastacio,Added Skill Check to NavBar, Fixed being able to pause in main menu,,
2023-04-27T14:14:43+01:00,d522313,MiguelAnastacio,Button changes, Player class in c++, Ship InventoryHUD,
2023-04-27T00:14:18+01:00,2ad2c47,Liam Donald,Merge pull request #44 from Miguel-Anastacio/27/04-Liam,,,
2023-04-27T00:12:41+01:00,be8eef7,Liam Donald,FIX: Minigame,,,
2023-04-26T19:36:14+01:00,7ecc37b,Miguel-Anastacio,Merge pull request #43 from Miguel-Anastacio/24/04-Miguel,,,
2023-04-26T19:30:54+01:00,ddde927,MiguelAnastacio,Files from previous commit that I didn't save,,,
2023-04-26T19:29:20+01:00,6f9dcc3,MiguelAnastacio,UI Improvements, Store Inventory, Fix Credits Bug, Other route hidden
2023-04-25T19:13:19+01:00,6eba8e1,MiguelAnastacio,UI, Dodge,,
2023-04-25T15:55:25+01:00,55073d7,JakeSullivan3D,Main-menu-update,,,
2023-04-25T15:48:28+01:00,cf61b02,JakeSullivan3D,Scarab-Fighter-update,,,
2023-04-24T20:28:53+01:00,04e4116,MiguelAnastacio,UI assets, Routes now have different chances,,
2023-04-24T18:33:23+01:00,a94c546,MiguelAnastacio,UI imprvovements, Cooldown while navigating,,
2023-04-24T16:03:21+01:00,76a99cb,JakeSullivan3D,Small changes. New Stars, pyramid v2, space station v2,
2023-04-21T18:22:53+01:00,868049d,Liam Donald,Merge pull request #42 from Miguel-Anastacio/21/04-Liam,,,
2023-04-21T18:22:05+01:00,3da0071,Liam Donald,Fixed The Movement Glitch (Hopefully),,,
2023-04-19T19:23:10+01:00,391b6c2,MiguelAnastacio,Merge branch 'main' of https://github.com/Miguel-Anastacio/DES310,,,
2023-04-19T16:03:14+01:00,15376b7,MiguelAnastacio,Alpha Build Play Party,,,
2023-04-19T15:46:06+01:00,092d663,Liam Donald,Merge pull request #41 from Miguel-Anastacio/17-04-Owen,,,
2023-04-19T15:45:58+01:00,3dfda87,Liam Donald,Merge branch 'main' into 17-04-Owen,,,
2023-04-19T15:33:42+01:00,cf9fbf2,OwenMcintosh,Added Save/Load system,,,
2023-04-19T13:53:21+01:00,1192c02,MiguelAnastacio,Resolving broken game,,,
2023-04-19T13:33:30+01:00,66a0359,Miguel-Anastacio,Merge pull request #40 from Miguel-Anastacio/19/04-Miguel,,,
2023-04-19T13:32:59+01:00,587965b,Miguel-Anastacio,Merge branch 'main' into 19/04-Miguel,,,
2023-04-19T13:31:54+01:00,7e3e783,MiguelAnastacio,Merge branch 'main' of https://github.com/Miguel-Anastacio/DES310,,,
2023-04-19T13:29:41+01:00,7.77E+53,MiguelAnastacio,Weird empty lines Unreal,,,
2023-04-19T13:24:21+01:00,44ad253,Miguel-Anastacio,Merge pull request #39 from Miguel-Anastacio/15/04-Liam,,,
2023-04-19T13:23:40+01:00,e050e5d,MiguelAnastacio,Merge branch 'main' of https://github.com/Miguel-Anastacio/DES310 into 15/04-Liam,,,
2023-04-19T13:17:30+01:00,b3133c6,MiguelAnastacio,Not Saved Changes,,,
2023-04-19T13:14:47+01:00,c973a59,MiguelAnastacio,Cleanup,,,
2023-04-19T13:01:45+01:00,13fbf13,MiguelAnastacio,Route Select Screen Alpha,,,
2023-04-19T12:04:42+01:00,4e028f1,Liam Donald,Quick Addition of a Route Checker,,,
2023-04-19T11:34:57+01:00,7db5bd7,MiguelAnastacio,Another Main Menu Tweak,,,
2023-04-19T11:34:51+01:00,053f026,Liam Donald,UI and Route Update,,,
2023-04-19T11:32:10+01:00,5eec9f3,MiguelAnastacio,Tweak MainMenu,,,
2023-04-19T11:27:35+01:00,551ea9d,MiguelAnastacio,Linking Main Menu,,,
2023-04-19T04:48:12+01:00,aeebcf4,Liam Donald,Merge Issues, seems BP Route May have been overrided,,
2023-04-18T17:17:17+01:00,9a809b2,JakeSullivan3D,Main menu map added and scarab fighter,,,
2023-04-18T14:52:48+01:00,5cfec45,MiguelAnastacio,Fixing This Dumb Thing,,,
2023-04-18T13:10:39+01:00,22b6f5f,MiguelAnastacio,Fixing Code repetition,,,
2023-04-18T11:13:53+01:00,543f643,Miguel-Anastacio,Merge pull request #33 from Miguel-Anastacio/17/04-Miguel,,,
2023-04-18T11:13:44+01:00,4e9184d,Miguel-Anastacio,Merge branch 'main' into 17/04-Miguel,,,
2023-04-18T11:10:50+01:00,ef2e4f4,MiguelAnastacio,Forgot to save some changes,,,
2023-04-18T11:07:14+01:00,5b5a73e,MiguelAnastacio,Event Outcome bug Fix,,,
2023-04-18T06:57:07+01:00,d629d25,Liam Donald,Github Pointer issue Again,,,
2023-04-18T06:53:17+01:00,9b9a8f6,Liam Donald,Merge branch '15/04-Liam' of https://github.com/Miguel-Anastacio/DES310 into 15/04-Liam,,,
2023-04-18T06:53:01+01:00,7f9414c,Liam Donald,Files Blocking,,,
2023-04-18T06:51:33+01:00,9c97911,Liam Donald,Random File blocking commit,,,
2023-04-18T06:50:15+01:00,f1ec6fa,Liam Donald,WIP: Some Route and UI Changes,,,
2023-04-18T03:01:49+01:00,2e22d85,MiguelAnastacio,Game Over Screen, More Events Added and corrections,  Vendor Screen,
2023-04-17T15:24:25+01:00,7517851,MiguelAnastacio,Fix Audio Manager Crash,,,
2023-04-17T14:57:59+01:00,dadcea2,MiguelAnastacio,Function Declaration was repeated,,,
2023-04-17T14:26:08+01:00,152b28b,Liam Donald,Merge pull request #32 from Miguel-Anastacio/15/04-Liam,,,
2023-04-17T14:25:52+01:00,d78845d,Liam Donald,Merge branch 'main' into 15/04-Liam,,,
2023-04-17T13:51:58+01:00,670688c,Miguel-Anastacio,Merge pull request #31 from Miguel-Anastacio/28/03-Miguel,,,
2023-04-17T13:48:45+01:00,ffca95d,Miguel-Anastacio,Merge branch 'main' into 28/03-Miguel,,,
2023-04-16T12:33:19+01:00,f1035a7,Liam Donald,Update UI and Camera Elemets,,,
2023-04-14T04:22:10+01:00,ae96452,Liam Donald,Merge pull request #30 from Miguel-Anastacio/GithubPointerTesting,,,
2023-04-14T04:17:22+01:00,9d0de13,Liam Donald,Skybox, Audio and Bug fixes,,
2023-04-14T01:41:29+01:00,f01cbd0,Liam Donald,Merge pull request #29 from Miguel-Anastacio/GithubPointerTesting,,,
2023-04-14T01:40:09+01:00,e86165a,Liam Donald,Added Randomized Skybox Color and Fixed Some unresolved merge conflicts,,,
2023-04-14T00:01:17+01:00,1f98956,Liam Donald,Hopefully this fixes stuff,,,
2023-04-13T08:02:30+01:00,eaab445,Liam Donald,Merge pull request #28 from Miguel-Anastacio/Combat,,,
2023-04-13T07:43:49+01:00,b590f61,Liam Donald,Given Enemies Combat Parameter's,,,
2023-04-07T14:07:14+01:00,627713c,JakeSullivan3D,Merge branch 'Jake',,,
2023-04-07T14:05:19+01:00,dc78bcf,JakeSullivan3D,New Skybox and fix for Planet resolution,,,
2023-04-05T22:02:12+01:00,70c5c12,Liam Donald,Merge pull request #27 from Miguel-Anastacio/01/04-Liam,,,
2023-04-05T22:00:32+01:00,70a9b7a,Liam Donald,Finished Up Basic Combat Changes,,,
2023-04-03T19:01:05+01:00,950923c,MiguelAnastacio,Scuffed Dodge, UI panel for abilities, Changes to Vendor Screen,
2023-04-03T09:55:08+01:00,3ff466a,Liam Donald,Combat Update and Minor Changes,,,
2023-04-01T14:34:05+01:00,dacf875,Liam Donald,Fixed The Bullet Firing Rotations,,,
2023-03-31T14:43:01+01:00,fbf6cab,MiguelAnastacio,UI transition, Enemy Bullet rotation fix,,
2023-03-31T13:59:23+01:00,2d40ec0,MiguelAnastacio,UI Frame, Multiple Characters,,
2023-03-30T12:28:47+01:00,ad134bd,Miguel-Anastacio,Merge pull request #26 from Miguel-Anastacio/28/03-Miguel,,,
2023-03-30T12:25:11+01:00,dd3c4c9,MiguelAnastacio,Changing UI images , small fixes,,
2023-03-29T19:16:30+01:00,61f3be5,MiguelAnastacio,UI Animations, Enemy Stats, Health bars, Player takes damage
2023-03-28T19:42:12+01:00,c866826,MiguelAnastacio,Character Selection Screen, New Path, Combat UI transitions,
2023-03-28T11:46:42+01:00,a473b8e,MiguelAnastacio,Latest Changes Build 22/03,,,
2023-03-22T14:50:08+00:00,a2d844b,Miguel-Anastacio,Merge pull request #25 from Miguel-Anastacio/22/03-Miguel,,,
2023-03-22T14:48:58+00:00,11690c0,Miguel-Anastacio,Merge branch 'main' into 22/03-Miguel,,,
2023-03-22T14:47:36+00:00,3c58178,MiguelAnastacio,Added Jakes Shaders,,,
2023-03-22T14:40:43+00:00,9f13c3f,Liam Donald,Quick Detail Fix,,,
2023-03-22T14:38:10+00:00,0137c3b,Liam Donald,Detail Update,,,
2023-03-22T10:43:07+00:00,28fffb9,JakeSullivan3D,Merge branch 'Jake',,,
2023-03-22T05:28:08+00:00,912a309,Liam Donald,Merge pull request #24 from Miguel-Anastacio/21/03,,,
2023-03-22T05:21:55+00:00,b6fbb5c,Liam Donald,Added Random Generated Detail To the route,,,
2023-03-21T18:18:44+00:00,c742207,Miguel-Anastacio,Merge pull request #23 from Miguel-Anastacio/21/03-Miguel,,,
2023-03-21T18:16:57+00:00,f164bba,MiguelAnastacio,Character Selection Screen and Revamped vendor screen,,,
2023-03-21T17:50:09+00:00,2f05123,JakeSullivan3D,New Planets,,,
2023-03-21T17:45:55+00:00,08da1e5,JakeSullivan3D,New Star Shader and Space Station,,,
2023-03-21T09:20:56+00:00,b3ec879,Liam Donald,Merge pull request #22 from Miguel-Anastacio/Build,,,
2023-03-21T09:20:27+00:00,075eeae,Liam Donald,Combined Fighting with the Route System,,,
2023-03-14T22:37:01+00:00,3c862d8,Liam Donald,Merge branch 'main' of https://github.com/Miguel-Anastacio/DES310,,,
2023-03-14T22:36:45+00:00,69f5283,Liam Donald,Updated Build Info a Camera Angles,,,
2023-03-14T22:34:10+00:00,db561e9,Liam Donald,Merge pull request #21 from Miguel-Anastacio/07/03-Owen,,,
2023-03-14T22:34:01+00:00,3bfad9b,Liam Donald,Merge branch 'main' into 07/03-Owen,,,
2023-03-14T22:12:03+00:00,1d98031,OwenMcintosh,Combat,,,
2023-03-14T21:03:42+00:00,23dd24b,Liam Donald,Merge pull request #20 from Miguel-Anastacio/LiamTempBranch,,,
2023-03-14T21:03:26+00:00,6ca85b6,Liam Donald,Merge branch 'main' into LiamTempBranch,,,
2023-03-14T20:59:40+00:00,0dd24d2,Liam Donald,Unreal Being Unreal,,,
2023-03-14T20:50:23+00:00,6306c1b,Liam Donald,Updated The Planets Cameras And Assets,,,
2023-03-14T17:32:08+00:00,e487b4f,Miguel-Anastacio,Merge pull request #19 from Miguel-Anastacio/14/03-Miguel,,,
2023-03-14T17:27:17+00:00,0684f17,MiguelAnastacio,Buying Items, UI fixes, Added checkpoint,
2023-03-14T16:51:10+00:00,ecabddc,Liam Donald,Added some art updates,,,
2023-03-08T21:09:11+00:00,2b6c674,MiguelAnastacio,HDRI Added,,,
2023-03-08T20:37:00+00:00,ebd9b0d,MiguelAnastacio,Fixing the main branch,,,
2023-03-08T20:20:16+00:00,643949,MiguelAnastacio,Fix Route and Map,,,
2023-03-08T20:18:29+00:00,8a6abb4,MiguelAnastacio,Merge branch 'main' of https://github.com/Miguel-Anastacio/DES310,,,
2023-03-08T20:14:31+00:00,49ff921,MiguelAnastacio,Completed planets,,,
2023-03-08T17:47:11+00:00,d58a511,MiguelAnastacio,Build,,,
2023-03-08T16:29:37+00:00,e0780f3,MiguelAnastacio,Some fixes,,,
2023-03-08T16:00:22+00:00,7ef43e5,OwenMcintosh,Merge pull request #18 from Miguel-Anastacio/07/03-Owen,,,
2023-03-08T16:00:16+00:00,b25ddc6,OwenMcintosh,Merge branch 'main' into 07/03-Owen,,,
2023-03-08T15:55:07+00:00,1968147,OWEN MCINTOSH,Combat,,,
2023-03-08T15:24:04+00:00,979a31c,Miguel-Anastacio,Merge pull request #17 from Miguel-Anastacio/07/03-Miguel,,,
2023-03-08T15:23:53+00:00,ebe1e64,Miguel-Anastacio,Merge branch 'main' into 07/03-Miguel,,,
2023-03-08T15:18:56+00:00,f1c4736,MiguelAnastacio,UI,,,
2023-03-08T12:51:07+00:00,cf03e21,Liam Donald,Merge pull request #16 from Miguel-Anastacio/07/03-Liam,,,
2023-03-08T12:50:49+00:00,cdee76e,Liam Donald,Merge branch 'main' into 07/03-Liam,,,
2023-03-08T10:36:20+00:00,aa05aee,Liam Donald,Some Small Tweaks,,,
2023-03-07T19:16:20+00:00,efc49c7,MiguelAnastacio,Swap Buttons,,,
2023-03-07T18:09:16+00:00,7572f3f,MiguelAnastacio,Create Base Button Class,,,
2023-03-07T16:33:58+00:00,7292ad8,MiguelAnastacio,UI Improvements, Restart Game, Events,
2023-03-07T15:28:10+00:00,ae1c3d1,JakeSullivan3D,Merge branch 'main' of https://github.com/Miguel-Anastacio/DES310,,,
2023-03-07T15:27:27+00:00,7cae289,JakeSullivan3D,Panner-controls/Pyramid ship,,,
2023-03-07T15:05:32+00:00,3dde5e6,Liam Donald,Merge pull request #15 from Miguel-Anastacio/07/03-Liam,,,
2023-03-07T15:03:06+00:00,d7a7a41,Liam Donald,Merge branch 'main' into 07/03-Liam,,,
2023-03-07T14:53:27+00:00,c4fe3e3,Liam Donald,Tweaked Some Settings,,,
2023-03-07T11:59:21+00:00,ef06fb4,Miguel-Anastacio,Merge pull request #14 from Miguel-Anastacio/06/03-Miguel,,,
2023-03-07T11:59:12+00:00,c80472a,Miguel-Anastacio,Merge branch 'main' into 06/03-Miguel,,,
2023-03-07T11:44:19+00:00,2e25599,MiguelAnastacio,Empty Changes,,,
2023-03-07T11:28:34+00:00,3.66E+70,MiguelAnastacio,UI Changes, Events, Quest Target, Unique Planets
2023-03-07T11:26:11+00:00,31c21b0,Liam Donald,Merge pull request #13 from Miguel-Anastacio/03/03---Liam,,,
2023-03-07T11:26:04+00:00,e61f664,Liam Donald,Merge branch 'main' into 03/03---Liam,,,
2023-03-07T11:21:52+00:00,b823f35,Liam Donald,Some Little Changes,,,
2023-03-07T02:06:28+00:00,062054f,Liam Donald,Feature Polish And Some new Camera Stuff,,,
2023-03-06T11:35:20+00:00,21eff73,MiguelAnastacio,Empty Changes,,,
2023-03-06T11:00:20+00:00,3f08a1c,MiguelAnastacio,Vendors, placeholder quest, camera distance,
2023-03-04T09:29:19+00:00,bbf22d2,Liam Donald,Added Some Audio Functionality and More Stuff to the route data,,,
2023-03-03T20:46:44+00:00,9daef89,Liam Donald,Merge pull request #12 from Miguel-Anastacio/03/03---Liam,,,
2023-03-03T20:46:16+00:00,01d2e61,Liam Donald,Merge branch 'main' into 03/03---Liam,,,
2023-03-03T20:40:31+00:00,6bf44ff,Liam Donald,Added Some Misc Changes and An Audio Test,,,
2023-03-03T11:44:29+00:00,4705cc1,Miguel-Anastacio,Merge pull request #11 from Miguel-Anastacio/01/03-Miguel,,,
2023-03-02T17:53:48+00:00,b3e8cc9,MiguelAnastacio,BP_route changes,,,
2023-03-02T15:17:07+00:00,86e0f90,MiguelAnastacio,Planet MarsLike, QuestUI,,
2023-03-02T12:19:26+00:00,15a976b,MiguelAnastacio,Completing quest,,,
2023-03-02T12:02:41+00:00,2d4a4a8,MiguelAnastacio,Event Option, View when orbiting,,
2023-03-01T18:37:16+00:00,9cfd38b,MiguelAnastacio,Buy Items,,,
2023-03-01T18:24:56+00:00,b5d61da,MiguelAnastacio,Select screen, Event options and cost,,
2023-03-01T15:38:41+00:00,97da9df,Miguel-Anastacio,Merge pull request #10 from Miguel-Anastacio/28/02-Miguel,,,
2023-03-01T15:38:10+00:00,484968e,MiguelAnastacio,Player now has money,,,
2023-03-01T15:34:11+00:00,c4d1347,MiguelAnastacio,Change the location of Generate route,,,
2023-03-01T14:02:07+00:00,037beb7,Liam Donald,Merge pull request #9 from Miguel-Anastacio/Liam_Branch,,,
2023-03-01T14:01:34+00:00,fd9003f,Liam Donald,Merge branch 'main' into Liam_Branch,,,
2023-03-01T13:40:41+00:00,3781eb1,Miguel-Anastacio,Merge pull request #8 from Miguel-Anastacio/28/02-Miguel,,,
2023-03-01T13:39:33+00:00,b1da0fc,MiguelAnastacio,Changed planet camera,,,
2023-03-01T13:19:53+00:00,a63156d,MiguelAnastacio,Jake map,,,
2023-03-01T13:15:48+00:00,765ea42,Miguel-Anastacio,Merge pull request #7 from Miguel-Anastacio/28/02-Miguel,,,
2023-03-01T12:58:01+00:00,c2445a3,MiguelAnastacio,Checkpoint screen init,,,
2023-03-01T12:56:37+00:00,4f8a83c,MiguelAnastacio,Main Menu,,,
2023-03-01T12:46:39+00:00,508a052,JakeSullivan3D,Lighting Example map added,,,
2023-02-28T18:56:04+00:00,ad6c979,MiguelAnastacio,Select Screen Fix/ HUD/ Route Position,,,
2023-02-28T16:32:38+00:00,6bcb2f3,MiguelAnastacio,RouteScreen,,,
2023-02-28T16:15:12+00:00,9501edd,MiguelAnastacio,Chaged planet mesh,,,
2023-02-28T15:50:10+00:00,2541ff3,Liam Donald,FIX: made the states and deligations work together,,,
2023-02-28T15:50:04+00:00,c57502a,JakeSullivan3D,JS-First Update,,,
2023-02-28T15:12:19+00:00,85f8532,JakeSullivan3D,Test Commit,,,
2023-02-28T12:24:26+00:00,8f9326f,Miguel-Anastacio,Merge pull request #6 from Miguel-Anastacio/Miguel-Branch,,,
2023-02-28T12:23:43+00:00,234bc77,MiguelAnastacio,Added price to item,,,
2023-02-28T08:38:08+00:00,fad1377,Liam Donald,WIP: Camera, Background Planets, finilizing route,
2023-02-27T15:25:46+00:00,298e26b,MiguelAnastacio,Code cleanup,,,
2023-02-27T15:25:28+00:00,605267,MiguelAnastacio,Code cleanup,,,
2023-02-22T16:37:25+00:00,74473c6,MiguelAnastacio,Game Events change,,,
2023-02-22T16:19:43+00:00,3c4a89c,MiguelAnastacio,Custom Events,,,
2023-02-22T14:42:30+00:00,c950032,Miguel-Anastacio,Merge pull request #5 from Miguel-Anastacio/Miguel-Branch,,,
2023-02-22T14:41:03+00:00,09a323e,MiguelAnastacio,Events for state transitions,,,
2023-02-22T13:03:53+00:00,064285d,MiguelAnastacio,UI problems / Rotation FIX,,,
2023-02-22T12:14:39+00:00,ed9c7ab,MiguelAnastacio,Change State Events,,,
2023-02-21T19:06:36+00:00,8cdd77d,MiguelAnastacio,Event Tick and fix to player blueprint HUD,,,
2023-02-21T17:43:15+00:00,03beb60,MiguelAnastacio,Fixed Acessing Files Problem,,,
2023-02-21T16:10:17+00:00,ea0f381,MiguelAnastacio,Fixed Event Component Crashing,,,
2023-02-21T15:59:49+00:00,563e312,MiguelAnastacio,Combining stuff,,,
2023-02-21T11:46:14+00:00,aa19a5e,MiguelAnastacio,Merge branch 'main' of https://github.com/Miguel-Anastacio/DES310,,,
2023-02-21T11:45:55+00:00,206b4d3,MiguelAnastacio,UIAssets and test planets added,,,
2023-02-21T11:44:27+00:00,eac226f,Liam Donald,Merge pull request #4 from Miguel-Anastacio/Liam-Branch,,,
2023-02-21T11:39:26+00:00,7beac46,Miguel-Anastacio,Merge pull request #3 from Miguel-Anastacio/MiguelBranch,,,
2023-02-21T11:38:16+00:00,144e94a,MiguelAnastacio,Some small UI changes,,,
2023-02-21T08:03:11+00:00,6c58d1e,Liam Donald,Bringing in code from my local project,,,
2023-02-16T13:18:06+00:00,36cb32e,MiguelAnastacio,Sounds and City screen draft,,,
2023-02-15T17:25:29+00:00,ea7cab4,MiguelAnastacio,Quests,,,
2023-02-15T11:52:10+00:00,01a1dc1,Miguel-Anastacio,Merge pull request #2 from Miguel-Anastacio/MiguelBranch,,,
2023-02-15T11:42:01+00:00,6c01b43,MiguelAnastacio,Ported from my local project,,,
2023-02-14T17:55:57+00:00,cb790ef,MiguelAnastacio,Player Character,,,
2023-02-14T14:56:40+00:00,c023882,Miguel-Anastacio,Merge pull request #1 from Miguel-Anastacio/MiguelBranch,,,
2023-02-14T14:55:26+00:00,f2aacbd,MiguelAnastacio,Action Mapping,,,
2023-02-14T14:52:15+00:00,51d4a4b,MiguelAnastacio,Empty level + character,,,
2023-02-14T13:07:10+00:00,0f455fa,MiguelAnastacio,Initial Commit,,,
2023-02-14T13:06:30+00:00,a7b5a79,MiguelAnastacio,Set git attributes,,,
2023-02-14T12:53:30+00:00,fe66125,MiguelAnastacio,Initial commit,,,
