'c28f340,OwenMcintosh,Tue, 16 May 2023 19:47:51 +0100,Commented code,'
 7 files changed, 51 insertions(+), 28 deletions(-)

'6ea60d2,robotnicboy,Tue, 16 May 2023 19:19:26 +0100,Final Internal Comments,'
 5 files changed, 30 insertions(+), 95 deletions(-)

'8c641a9,MiguelAnastacio,Tue, 16 May 2023 19:17:11 +0100,Fixing save when loading the same game multiple times,'
 8 files changed, 19 insertions(+), 15 deletions(-)

'f054625,MiguelAnastacio,Tue, 16 May 2023 18:31:18 +0100,Fixing Save of player ship, Saving Quest, Fixing Event Bug,'
 9 files changed, 24 insertions(+), 13 deletions(-)

'45c9f9e,MiguelAnastacio,Tue, 16 May 2023 17:37:41 +0100,Event Option Fix,'
 3 files changed, 5 insertions(+), 5 deletions(-)

'bc20042,MiguelAnastacio,Tue, 16 May 2023 17:16:44 +0100,Begin some comments,'
 5 files changed, 7 insertions(+), 6 deletions(-)

'f02fe3c,MiguelAnastacio,Tue, 16 May 2023 16:48:00 +0100,Cleaning inputs,'
 2 files changed, 2 insertions(+), 5 deletions(-)

'84ddb9a,MiguelAnastacio,Tue, 16 May 2023 16:43:13 +0100,Doors animation on continuing game.,'
 7 files changed, 14 insertions(+), 11 deletions(-)

'29af4aa,MiguelAnastacio,Tue, 16 May 2023 16:03:33 +0100,Fixing Stats Save. Fixing Wireframe on HUD. Save deleted on death,'
 9 files changed, 27 insertions(+), 21 deletions(-)

'3d4caa1,robotnicboy,Tue, 16 May 2023 15:28:52 +0100,Updated visibility at space-station,'
 3 files changed, 58 insertions(+), 3 deletions(-)

'16349e0,MiguelAnastacio,Tue, 16 May 2023 14:09:56 +0100,Changing the mesh based on save,'
 9 files changed, 33 insertions(+), 17 deletions(-)

'a3aaed4,robotnicboy,Tue, 16 May 2023 13:16:09 +0100,save stuff,'
 5 files changed, 36 insertions(+), 11 deletions(-)

'0fb425d,robotnicboy,Tue, 16 May 2023 12:30:14 +0100,Save Stuff fix,'
 189 files changed, 595 insertions(+), 118 deletions(-)

'7ddc029,MiguelAnastacio,Tue, 16 May 2023 11:03:51 +0100,Moved Quests to Route,'
 15 files changed, 69 insertions(+), 191 deletions(-)

'c962ecb,robotnicboy,Tue, 16 May 2023 10:51:31 +0100,Compile issue fixed,'
 2 files changed, 3 insertions(+), 3 deletions(-)

'9231afc,robotnicboy,Tue, 16 May 2023 09:00:41 +0100,Updated Intro Movie and Title,'
 2 files changed, 5 insertions(+), 2 deletions(-)

'2a41cca,robotnicboy,Tue, 16 May 2023 08:15:57 +0100,quickly adjusting camera distances,'
 1 file changed, 2 insertions(+), 2 deletions(-)

'7a124bf,robotnicboy,Tue, 16 May 2023 08:05:00 +0100,Removed Starter Textures and some more psuedocode,'
 124 files changed, 21 insertions(+), 373 deletions(-)

'05ddcd6,OwenMcintosh,Tue, 16 May 2023 03:04:26 +0100,some image changes,'
 6 files changed, 12 insertions(+), 6 deletions(-)

'5b83044,MiguelAnastacio,Mon, 15 May 2023 22:26:14 +0100,Moved check if there is save to tick,'
 1 file changed, 2 insertions(+), 2 deletions(-)

'bc7a39d,MiguelAnastacio,Mon, 15 May 2023 22:20:23 +0100,Changed quest easier to save,'
 10 files changed, 51 insertions(+), 27 deletions(-)

'6808109,OwenMcintosh,Mon, 15 May 2023 21:17:10 +0100,Fixed and cleaned up save game data for inventory/route details/planets/splines, and more,'
 11 files changed, 210 insertions(+), 77 deletions(-)

'4915996,robotnicboy,Mon, 15 May 2023 17:57:35 +0100,Some More Pseudocode,'
 9 files changed, 281 insertions(+), 821 deletions(-)

'd61e858,MiguelAnastacio,Sat, 13 May 2023 21:44:48 +0100,Update Inventory,'
 1 file changed, 1 insertion(+), 4 deletions(-)

'6e9204e,robotnicboy,Sat, 13 May 2023 11:19:09 +0100,Deleting Unnecessary files and added final SFX & VFX,'
 77 files changed, 66 insertions(+), 214 deletions(-)

'660f851,robotnicboy,Fri, 12 May 2023 15:10:44 +0100,Final Player Collision fix & Code Clean up,'
 9 files changed, 111 insertions(+), 114 deletions(-)

'68a713c,robotnicboy,Fri, 12 May 2023 05:41:37 +0100,FIX: Deflect and Enemy Accuracy,'
 1 file changed, 8 insertions(+), 8 deletions(-)

'e74122b,robotnicboy,Fri, 12 May 2023 05:29:35 +0100,Route Can scale better now and fixed splines not connecting,'
 4 files changed, 35 insertions(+), 34 deletions(-)

'0518bd8,robotnicboy,Fri, 12 May 2023 05:25:07 +0100,Added Detail Index and quick commit log test,'
 3 files changed, 287 insertions(+), 1 deletion(-)

'c0b9723,MiguelAnastacio,Wed, 10 May 2023 20:50:03 +0100,Fix checkpoint bug,'
 2 files changed, 4 insertions(+), 4 deletions(-)

'6d8e56a,MiguelAnastacio,Wed, 10 May 2023 20:40:52 +0100,Fixing Space Bar crashing in the main menu,'
 6 files changed, 14 insertions(+), 8 deletions(-)

'a0a0a5d,MiguelAnastacio,Wed, 10 May 2023 20:14:15 +0100,Build for today,'
 14 files changed, 50 insertions(+), 30 deletions(-)

'f0eafd3,MiguelAnastacio,Wed, 10 May 2023 18:54:59 +0100,Balance Tweaks,'
 2 files changed, 4 insertions(+), 4 deletions(-)

'4206e08,MiguelAnastacio,Wed, 10 May 2023 18:17:52 +0100,Fix Skybox,'
 1 file changed, 3 insertions(+), 2 deletions(-)

'0251214,MiguelAnastacio,Wed, 10 May 2023 17:58:27 +0100,Forgot to commit umap,'
 1 file changed, 1 insertion(+), 1 deletion(-)

'9db9003,MiguelAnastacio,Wed, 10 May 2023 17:57:03 +0100,Added Floating Movement to use in asteroids,'
 5 files changed, 19 insertions(+), 5 deletions(-)

'02fe178,MiguelAnastacio,Wed, 10 May 2023 17:40:21 +0100,Cleanup code tweaked enemy values,'
 4 files changed, 6 insertions(+), 5 deletions(-)

'd0a198e,MiguelAnastacio,Wed, 10 May 2023 17:22:41 +0100,Items Set Up For Loading,'
 20 files changed, 54 insertions(+), 34 deletions(-)

'6e0759f,MiguelAnastacio,Wed, 10 May 2023 16:36:43 +0100,More feedback when saving,'
 1 file changed, 2 insertions(+), 2 deletions(-)

'465fdd8,MiguelAnastacio,Wed, 10 May 2023 16:32:17 +0100,Added audio positive and negative,'
 5 files changed, 12 insertions(+), 6 deletions(-)

'f2b09d6,JakeSullivan3D,Wed, 10 May 2023 16:07:14 +0100,Asteroid-overhaul,'
 11 files changed, 23 insertions(+), 20 deletions(-)

'a2f9e94,JakeSullivan3D,Wed, 10 May 2023 15:35:52 +0100,Sun final overhaul,'
 11 files changed, 28 insertions(+), 10 deletions(-)

'2a86ae3,MiguelAnastacio,Wed, 10 May 2023 15:06:21 +0100,Fix Bug EnemyHealthbar, Adjusted settings UI, Fix route highlight,'
 14 files changed, 32 insertions(+), 26 deletions(-)

'262027c,JakeSullivan3D,Wed, 10 May 2023 14:02:04 +0100,Final fixes,'
 10 files changed, 26 insertions(+), 8 deletions(-)

'3f25a19,robotnicboy,Wed, 10 May 2023 10:51:52 +0100,Fix: Route and Save Crash,'
 2 files changed, 23 insertions(+), 20 deletions(-)

'c0c0dd3,MiguelAnastacio,Tue, 9 May 2023 19:06:41 +0100,Added support to read from a save game,'
 5 files changed, 10 insertions(+), 10 deletions(-)

'3e0227e,MiguelAnastacio,Tue, 9 May 2023 18:32:13 +0100,New text box vendor, Fixed button size in quest completed.,'
 15 files changed, 31 insertions(+), 27 deletions(-)

'5a8d08a,MiguelAnastacio,Tue, 9 May 2023 17:52:49 +0100,Fixed Hull, LevelUp Ui working properly. Skill check fix,'
 7 files changed, 22 insertions(+), 19 deletions(-)

'12479e7,robotnicboy,Tue, 9 May 2023 06:06:25 +0100,Fix: Player pointer and Set up loading route,'
 2 files changed, 139 insertions(+)

'c13912c,robotnicboy,Tue, 9 May 2023 02:58:11 +0100,Some Quick Polishing,'
 6 files changed, 46 insertions(+), 23 deletions(-)

'1523e93,MiguelAnastacio,Tue, 9 May 2023 00:19:03 +0100,Saving files,'
 3 files changed, 5 insertions(+), 5 deletions(-)

'f9263e0,MiguelAnastacio,Mon, 8 May 2023 23:06:20 +0100,Fixed Space Bar Bug, Changed VictorySFX, GameOver Screen, Fixed Skill check bug,'
 17 files changed, 42 insertions(+), 27 deletions(-)

'b7f0bfb,MiguelAnastacio,Mon, 8 May 2023 19:19:40 +0100,Transition After Combat, Changed Icons in select screen,'
 88 files changed, 264 insertions(+), 125 deletions(-)

'e2ed108,JakeSullivan3D,Mon, 8 May 2023 14:56:33 +0100,Viking ships,'
 7 files changed, 21 insertions(+)

'440c31b,MiguelAnastacio,Mon, 8 May 2023 12:23:30 +0100,Fixing broken things from merge,'
 38 files changed, 26 insertions(+), 95 deletions(-)

'5f7a86f,MiguelAnastacio,Mon, 8 May 2023 11:32:31 +0100,LevelUp screen bones,'
 9 files changed, 22 insertions(+), 14 deletions(-)

'e01ff65,robotnicboy,Mon, 8 May 2023 07:30:35 +0100,Forgot a file,'
 1 file changed, 3 insertions(+)

'b61c736,robotnicboy,Mon, 8 May 2023 07:13:05 +0100,Added Settings UI and Some Tweaks to the Details,'
 42 files changed, 199 insertions(+), 62 deletions(-)

'04aae10,MiguelAnastacio,Sat, 6 May 2023 17:11:12 +0100,Added audio when turbo is engaged,'
 6 files changed, 19 insertions(+), 4 deletions(-)

'18ad681,MiguelAnastacio,Sat, 6 May 2023 16:42:52 +0100,Added quests, Main Menu updates if there is a save,'
 22 files changed, 74 insertions(+), 47 deletions(-)

'd476bcc,robotnicboy,Sat, 6 May 2023 07:26:15 +0100,Fix: Bullet and Spaceship Collision is fully working,'
 2 files changed, 4 insertions(+), 4 deletions(-)

'd9c4c96,robotnicboy,Sat, 6 May 2023 04:47:10 +0100,Fix: Route Splines,'
 2 files changed, 3 insertions(+), 2 deletions(-)

'96d5afc,MiguelAnastacio,Fri, 5 May 2023 19:52:31 +0100,Updated Planet Text,'
 2 files changed, 4 insertions(+), 4 deletions(-)

'4c1ed84,MiguelAnastacio,Fri, 5 May 2023 19:48:09 +0100,Added Events,'
 14 files changed, 29 insertions(+), 20 deletions(-)

'9977e81,MiguelAnastacio,Fri, 5 May 2023 19:14:11 +0100,Button audio now has volume variable,'
 28 files changed, 61 insertions(+), 49 deletions(-)

'55a0ee5,MiguelAnastacio,Fri, 5 May 2023 18:29:05 +0100,New version of the minigame,'
 11 files changed, 125 insertions(+), 17 deletions(-)

'59447b2,MiguelAnastacio,Fri, 5 May 2023 16:16:51 +0100,Messing around with asteroids as details,'
 12 files changed, 40 insertions(+), 20 deletions(-)

'382eeb8,MiguelAnastacio,Fri, 5 May 2023 14:55:43 +0100,Changed vendor actor setup,'
 6 files changed, 10 insertions(+), 7 deletions(-)

'b339dbd,MiguelAnastacio,Fri, 5 May 2023 14:36:36 +0100,Fix empty store bug,'
 2 files changed, 4 insertions(+), 4 deletions(-)

'ae02e2e,MiguelAnastacio,Thu, 4 May 2023 19:11:51 +0100,Slight tweaks before the build,'
 17 files changed, 33 insertions(+), 30 deletions(-)

'53d4010,robotnicboy,Thu, 4 May 2023 18:20:21 +0100,Quick Minigame Fix,'
 1 file changed, 2 insertions(+), 2 deletions(-)

'0af78c8,robotnicboy,Thu, 4 May 2023 03:25:10 +0100,Minigame UI update,'
 7 files changed, 20 insertions(+), 2 deletions(-)

'a7bfa83,robotnicboy,Wed, 3 May 2023 20:15:17 +0100,Small UI and Main Menu Changes,'
 8 files changed, 107 insertions(+), 7 deletions(-)

'ab76b6b,MiguelAnastacio,Wed, 3 May 2023 19:03:39 +0100,Forgot to save some files before the merge,'
 6 files changed, 9 insertions(+), 5 deletions(-)

'0c00206,MiguelAnastacio,Wed, 3 May 2023 18:27:35 +0100,Fix some items values, Improved Route selection screen,'
 16 files changed, 32 insertions(+), 29 deletions(-)

'2f0afc3,MiguelAnastacio,Wed, 3 May 2023 15:54:43 +0100,Previous fix for items and stats bug would lead to other problems,'
 10 files changed, 35 insertions(+), 45 deletions(-)

'e6b7ad7,MiguelAnastacio,Wed, 3 May 2023 15:46:45 +0100,UI tweaks, Fixed bug of items not being applied to stats (only the last one was working),'
 16 files changed, 76 insertions(+), 37 deletions(-)

'bf67e44,MiguelAnastacio,Wed, 3 May 2023 13:50:27 +0100,Fixed button sizes and tweaked values in events and items,'
 12 files changed, 22 insertions(+), 22 deletions(-)

'c8a0904,MiguelAnastacio,Wed, 3 May 2023 13:12:08 +0100,More Items, Inventory of vendors now has a max of 2 items/ category,'
 14 files changed, 55 insertions(+), 11 deletions(-)

'590bce0,robotnicboy,Wed, 3 May 2023 11:12:49 +0100,Minigame And Skybox Changes,'
 7 files changed, 36 insertions(+), 5 deletions(-)

'9161a23,MiguelAnastacio,Tue, 2 May 2023 19:11:51 +0100,New UI assets, Improved Store, Improved health bar, Added dodge back in,'
 50 files changed, 114 insertions(+), 78 deletions(-)

'7df58f9,Liam Donald,Tue, 2 May 2023 14:01:42 +0100,Main Menu Animations and functionality added,'
 10 files changed, 106 insertions(+), 13 deletions(-)

'ebbd586,OWEN MCINTOSH,Tue, 2 May 2023 13:52:21 +0100,Update DefaultEngine.ini,'
 1 file changed, 1 insertion(+), 1 deletion(-)

'55ecf64,OWEN MCINTOSH,Tue, 2 May 2023 13:51:47 +0100,more save stuff, refactored code,'
 5 files changed, 94 insertions(+), 13 deletions(-)

'07f5b53,OwenMcintosh,Tue, 2 May 2023 04:43:58 +0100,fixed primative save system,'
 2 files changed, 6 insertions(+), 1 deletion(-)

'd60ada4,robotnicboy,Tue, 2 May 2023 00:36:06 +0100,Quickly fixing some merge issues,'
 7 files changed, 11 insertions(+), 14 deletions(-)

'23984c8,MiguelAnastacio,Mon, 1 May 2023 19:13:33 +0100,Forgot to save changes from previous commit,'
 3 files changed, 6 insertions(+), 6 deletions(-)

'47cc747,MiguelAnastacio,Mon, 1 May 2023 19:10:33 +0100,Fixing broken connection between bp and code. Changed transition from character selection to planet,'
 5 files changed, 8 insertions(+), 9 deletions(-)

'27c1492,MiguelAnastacio,Mon, 1 May 2023 17:56:07 +0100,Forgot to commit bp_route,'
 1 file changed, 2 insertions(+), 2 deletions(-)

'36a9242,MiguelAnastacio,Mon, 1 May 2023 17:55:46 +0100,Tweaking UI, Fixed Events not firing on 2nd route, Added faction variable to player,'
 25 files changed, 63 insertions(+), 36 deletions(-)

'd6f523b,robotnicboy,Mon, 1 May 2023 06:39:50 +0100,FIX: Buoys Percentage, Buoys on current path only,'
 7 files changed, 70 insertions(+), 33 deletions(-)

'fe23d44,MiguelAnastacio,Fri, 28 Apr 2023 18:31:38 +0100,UI Tweaks,'
 26 files changed, 55 insertions(+), 49 deletions(-)

'9cc9aae,robotnicboy,Fri, 28 Apr 2023 05:53:17 +0100,Update: Fixed Editor Warnings and Updated the planet list,'
 9 files changed, 19 insertions(+), 10 deletions(-)

'6cf59b5,MiguelAnastacio,Thu, 27 Apr 2023 19:15:20 +0100,Fix for player pause is actually in this file, changed the level blueprint,'
 1 file changed, 2 insertions(+), 2 deletions(-)

'0231031,MiguelAnastacio,Thu, 27 Apr 2023 19:13:14 +0100,UI Tweaks, Added Data Table for Text Effects, Fixed graphic bugs in store,'
 22 files changed, 45 insertions(+), 42 deletions(-)

'b7e8cdc,MiguelAnastacio,Thu, 27 Apr 2023 16:10:56 +0100,Fixed Bug with space bar and buttons, Added fonts to button and title,'
 12 files changed, 28 insertions(+), 13 deletions(-)

'6a7292c,MiguelAnastacio,Thu, 27 Apr 2023 14:26:11 +0100,Added Skill Check to NavBar, Fixed being able to pause in main menu,'
 4 files changed, 8 insertions(+), 8 deletions(-)

'd522313,MiguelAnastacio,Thu, 27 Apr 2023 14:12:35 +0100,Button changes, Player class in c++, Ship InventoryHUD,'
 14 files changed, 59 insertions(+), 24 deletions(-)

'be8eef7,robotnicboy,Thu, 27 Apr 2023 00:12:41 +0100,FIX: Minigame,'
 15 files changed, 36 insertions(+), 11 deletions(-)

'ddde927,MiguelAnastacio,Wed, 26 Apr 2023 19:30:54 +0100,Files from previous commit that I didn't save,'
 7 files changed, 14 insertions(+), 14 deletions(-)

'6f9dcc3,MiguelAnastacio,Wed, 26 Apr 2023 19:29:20 +0100,UI Improvements, Store Inventory, Fix Credits Bug, Other route hidden,'
 35 files changed, 190 insertions(+), 65 deletions(-)

'6eba8e1,MiguelAnastacio,Tue, 25 Apr 2023 19:13:19 +0100,UI, Dodge,'
 24 files changed, 56 insertions(+), 39 deletions(-)

'55073d7,JakeSullivan3D,Tue, 25 Apr 2023 15:55:25 +0100,Main-menu-update,'
 1 file changed, 2 insertions(+), 2 deletions(-)

'cf61b02,JakeSullivan3D,Tue, 25 Apr 2023 15:48:28 +0100,Scarab-Fighter-update,'
 5 files changed, 10 insertions(+), 10 deletions(-)

'04e4116,MiguelAnastacio,Mon, 24 Apr 2023 20:28:53 +0100,UI assets, Routes now have different chances,'
 62 files changed, 190 insertions(+), 75 deletions(-)

'a94c546,MiguelAnastacio,Mon, 24 Apr 2023 18:33:23 +0100,UI imprvovements, Cooldown while navigating,'
 23 files changed, 65 insertions(+), 58 deletions(-)

'76a99cb,JakeSullivan3D,Mon, 24 Apr 2023 16:03:21 +0100,Small changes. New Stars, pyramid v2, space station v2,'
 12 files changed, 26 insertions(+), 17 deletions(-)

'3da0071,robotnicboy,Fri, 21 Apr 2023 18:22:05 +0100,Fixed The Movement Glitch (Hopefully),'
 3 files changed, 5 insertions(+), 5 deletions(-)

'15376b7,MiguelAnastacio,Wed, 19 Apr 2023 16:03:14 +0100,Alpha Build Play Party,'
 28 files changed, 65 insertions(+), 44 deletions(-)

'cf9fbf2,OwenMcintosh,Wed, 19 Apr 2023 15:33:42 +0100,Added Save/Load system,'
 10 files changed, 133 insertions(+), 30 deletions(-)

'1192c02,MiguelAnastacio,Wed, 19 Apr 2023 13:53:21 +0100,Resolving broken game,'
 7 files changed, 18 insertions(+), 13 deletions(-)

'7767e50,MiguelAnastacio,Wed, 19 Apr 2023 13:29:41 +0100,Weird empty lines Unreal,'
 2 files changed, 3 deletions(-)

'b3133c6,MiguelAnastacio,Wed, 19 Apr 2023 13:17:30 +0100,Not Saved Changes,'
 2 files changed, 4 insertions(+), 4 deletions(-)

'c973a59,MiguelAnastacio,Wed, 19 Apr 2023 13:14:47 +0100,Cleanup,'
 1 file changed, 3 deletions(-)

'13fbf13,MiguelAnastacio,Wed, 19 Apr 2023 13:01:45 +0100,Route Select Screen Alpha,'
 5 files changed, 22 insertions(+), 11 deletions(-)

'4e028f1,robotnicboy,Wed, 19 Apr 2023 12:04:42 +0100,Quick Addition of a Route Checker,'
 4 files changed, 28 insertions(+), 5 deletions(-)

'7db5bd7,MiguelAnastacio,Wed, 19 Apr 2023 11:34:57 +0100,Another Main Menu Tweak,'
 1 file changed, 2 insertions(+), 2 deletions(-)

'053f026,robotnicboy,Wed, 19 Apr 2023 11:34:51 +0100,UI and Route Update,'
 19 files changed, 224 insertions(+), 62 deletions(-)

'5eec9f3,MiguelAnastacio,Wed, 19 Apr 2023 11:32:10 +0100,Tweak MainMenu,'
 1 file changed, 2 insertions(+), 2 deletions(-)

'551ea9d,MiguelAnastacio,Wed, 19 Apr 2023 11:27:35 +0100,Linking Main Menu,'
 5 files changed, 8 insertions(+), 10 deletions(-)

'aeebcf4,robotnicboy,Wed, 19 Apr 2023 04:48:12 +0100,Merge Issues, seems BP Route May have been overrided,'
 3 files changed, 4 insertions(+), 5 deletions(-)

'9a809b2,JakeSullivan3D,Tue, 18 Apr 2023 17:17:17 +0100,Main menu map added and scarab fighter,'
 9 files changed, 25 insertions(+), 4 deletions(-)

'5cfec45,MiguelAnastacio,Tue, 18 Apr 2023 14:52:48 +0100,Fixing This Dumb Thing,'
 1 file changed, 2 insertions(+), 4 deletions(-)

'22b6f5f,MiguelAnastacio,Tue, 18 Apr 2023 13:10:39 +0100,Fixing Code repetition,'
 1 file changed, 2 insertions(+), 2 deletions(-)

'ef2e4f4,MiguelAnastacio,Tue, 18 Apr 2023 11:10:50 +0100,Forgot to save some changes,'
 3 files changed, 6 insertions(+), 6 deletions(-)

'5b5a73e,MiguelAnastacio,Tue, 18 Apr 2023 11:07:14 +0100,Event Outcome bug Fix,'
 3 files changed, 6 insertions(+), 6 deletions(-)

'd629d25,robotnicboy,Tue, 18 Apr 2023 06:57:07 +0100,Github Pointer issue Again,'
 3 files changed, 2 insertions(+), 4 deletions(-)

'7f9414c,robotnicboy,Tue, 18 Apr 2023 06:53:01 +0100,Files Blocking,'
 1 file changed, 2 insertions(+), 2 deletions(-)

'9c97911,robotnicboy,Tue, 18 Apr 2023 06:51:33 +0100,Random File blocking commit,'
 7 files changed, 116 insertions(+)

'f1ec6fa,robotnicboy,Tue, 18 Apr 2023 06:50:15 +0100,WIP: Some Route and UI Changes,'
 26 files changed, 558 insertions(+), 134 deletions(-)

'2e22d85,MiguelAnastacio,Tue, 18 Apr 2023 03:01:49 +0100,Game Over Screen, More Events Added and corrections,  Vendor Screen,'
 65 files changed, 277 insertions(+), 111 deletions(-)

'7517851,MiguelAnastacio,Mon, 17 Apr 2023 15:24:25 +0100,Fix Audio Manager Crash,'
 2 files changed, 17 insertions(+), 13 deletions(-)

'dadcea2,MiguelAnastacio,Mon, 17 Apr 2023 14:57:59 +0100,Function Declaration was repeated,'
 2 files changed, 3 deletions(-)

'f1035a7,robotnicboy,Sun, 16 Apr 2023 12:33:19 +0100,Update UI and Camera Elemets,'
 19 files changed, 98 insertions(+), 22 deletions(-)

'9d0de13,robotnicboy,Fri, 14 Apr 2023 04:17:22 +0100,Skybox, Audio and Bug fixes,'
 12 files changed, 56 insertions(+), 24 deletions(-)

'e86165a,robotnicboy,Fri, 14 Apr 2023 01:40:09 +0100,Added Randomized Skybox Color and Fixed Some unresolved merge conflicts,'
 9 files changed, 93 insertions(+), 7 deletions(-)

'1f98956,robotnicboy,Fri, 14 Apr 2023 00:01:17 +0100,Hopefully this fixes stuff,'
 1 file changed, 3 insertions(+), 2 deletions(-)

'b590f61,robotnicboy,Thu, 13 Apr 2023 07:43:49 +0100,Given Enemies Combat Parameter's,'
 3 files changed, 17 insertions(+), 13 deletions(-)

'dc78bcf,JakeSullivan3D,Fri, 7 Apr 2023 14:05:19 +0100,New Skybox and fix for Planet resolution,'
 11 files changed, 27 insertions(+), 12 deletions(-)

'70a9b7a,robotnicboy,Wed, 5 Apr 2023 22:00:32 +0100,Finished Up Basic Combat Changes,'
 18 files changed, 391 insertions(+), 235 deletions(-)

'950923c,MiguelAnastacio,Mon, 3 Apr 2023 19:01:05 +0100,Scuffed Dodge, UI panel for abilities, Changes to Vendor Screen,'
 25 files changed, 187 insertions(+), 47 deletions(-)

'3ff466a,robotnicboy,Mon, 3 Apr 2023 09:55:08 +0100,Combat Update and Minor Changes,'
 16 files changed, 243 insertions(+), 32 deletions(-)

'dacf875,robotnicboy,Sat, 1 Apr 2023 14:34:05 +0100,Fixed The Bullet Firing Rotations,'
 5 files changed, 17 insertions(+), 21 deletions(-)

'fbf6cab,MiguelAnastacio,Fri, 31 Mar 2023 14:43:01 +0100,UI transition, Enemy Bullet rotation fix,'
 10 files changed, 18 insertions(+), 17 deletions(-)

'2d40ec0,MiguelAnastacio,Fri, 31 Mar 2023 13:59:23 +0100,UI Frame, Multiple Characters,'
 10 files changed, 32 insertions(+), 14 deletions(-)

'dd3c4c9,MiguelAnastacio,Thu, 30 Mar 2023 12:25:11 +0100,Changing UI images , small fixes,'
 14 files changed, 30 insertions(+), 24 deletions(-)

'61f3be5,MiguelAnastacio,Wed, 29 Mar 2023 19:16:30 +0100,UI Animations, Enemy Stats, Health bars, Player takes damage,'
 36 files changed, 184 insertions(+), 60 deletions(-)

'c866826,MiguelAnastacio,Tue, 28 Mar 2023 19:42:12 +0100,Character Selection Screen, New Path, Combat UI transitions,'
 26 files changed, 168 insertions(+), 47 deletions(-)

'a473b8e,MiguelAnastacio,Tue, 28 Mar 2023 11:46:42 +0100,Latest Changes Build 22/03,'
 8 files changed, 17 insertions(+), 16 deletions(-)

'3c58178,MiguelAnastacio,Wed, 22 Mar 2023 14:47:36 +0000,Added Jakes Shaders,'
 21 files changed, 63 insertions(+), 48 deletions(-)

'9f13c3f,robotnicboy,Wed, 22 Mar 2023 14:40:43 +0000,Quick Detail Fix,'
 1 file changed, 3 insertions(+), 3 deletions(-)

'0137c3b,robotnicboy,Wed, 22 Mar 2023 14:38:10 +0000,Detail Update,'
 2 files changed, 29 insertions(+), 7 deletions(-)

'b6fbb5c,robotnicboy,Wed, 22 Mar 2023 05:21:55 +0000,Added Random Generated Detail To the route,'
 4 files changed, 132 insertions(+), 18 deletions(-)

'f164bba,MiguelAnastacio,Tue, 21 Mar 2023 18:16:57 +0000,Character Selection Screen and Revamped vendor screen,'
 15 files changed, 39 insertions(+), 27 deletions(-)

'2f05123,JakeSullivan3D,Tue, 21 Mar 2023 17:50:09 +0000,New Planets,'
 6 files changed, 18 insertions(+)

'08da1e5,JakeSullivan3D,Tue, 21 Mar 2023 17:45:55 +0000,New Star Shader and Space Station,'
 13 files changed, 30 insertions(+), 12 deletions(-)

'075eeae,robotnicboy,Tue, 21 Mar 2023 09:20:27 +0000,Combined Fighting with the Route System,'
 5 files changed, 52 insertions(+), 12 deletions(-)

'69f5283,robotnicboy,Tue, 14 Mar 2023 22:36:45 +0000,Updated Build Info a Camera Angles,'
 17 files changed, 31 insertions(+), 21 deletions(-)

'1d98031,OwenMcintosh,Tue, 14 Mar 2023 22:12:03 +0000,Combat,'
 5 files changed, 68 insertions(+), 31 deletions(-)

'0dd24d2,robotnicboy,Tue, 14 Mar 2023 20:59:40 +0000,Unreal Being Unreal,'
 1 file changed, 2 insertions(+), 2 deletions(-)

'6306c1b,robotnicboy,Tue, 14 Mar 2023 20:50:23 +0000,Updated The Planets Cameras And Assets,'
 10 files changed, 22 insertions(+), 16 deletions(-)

'0684f17,MiguelAnastacio,Tue, 14 Mar 2023 17:27:17 +0000,Buying Items, UI fixes, Added checkpoint,'
 22 files changed, 90 insertions(+), 57 deletions(-)

'ecabddc,robotnicboy,Tue, 14 Mar 2023 16:51:10 +0000,Added some art updates,'
 12 files changed, 31 insertions(+), 17 deletions(-)

'2b6c674,MiguelAnastacio,Wed, 8 Mar 2023 21:09:11 +0000,HDRI Added,'
 1 file changed, 2 insertions(+), 2 deletions(-)

'ebd9b0d,MiguelAnastacio,Wed, 8 Mar 2023 20:37:00 +0000,Fixing the main branch,'
 3 files changed, 5 insertions(+), 13 deletions(-)

'0643949,MiguelAnastacio,Wed, 8 Mar 2023 20:20:16 +0000,Fix Route and Map,'
 2 files changed, 4 insertions(+), 4 deletions(-)

'49ff921,MiguelAnastacio,Wed, 8 Mar 2023 20:14:31 +0000,Completed planets,'
 2 files changed, 4 insertions(+), 4 deletions(-)

'd58a511,MiguelAnastacio,Wed, 8 Mar 2023 17:47:11 +0000,Build,'
 16 files changed, 339 insertions(+), 19 deletions(-)

'e0780f3,MiguelAnastacio,Wed, 8 Mar 2023 16:29:37 +0000,Some fixes,'
 6 files changed, 22 insertions(+), 18 deletions(-)

'1968147,OWEN MCINTOSH,Wed, 8 Mar 2023 15:55:07 +0000,Combat,'
 14 files changed, 320 insertions(+), 16 deletions(-)

'f1c4736,MiguelAnastacio,Wed, 8 Mar 2023 15:18:56 +0000,UI,'
 47 files changed, 330 insertions(+), 57 deletions(-)

'aa05aee,robotnicboy,Wed, 8 Mar 2023 10:36:20 +0000,Some Small Tweaks,'
 24 files changed, 177 insertions(+), 251 deletions(-)

'efc49c7,MiguelAnastacio,Tue, 7 Mar 2023 19:16:20 +0000,Swap Buttons,'
 6 files changed, 11 insertions(+), 11 deletions(-)

'7572f3f,MiguelAnastacio,Tue, 7 Mar 2023 18:09:16 +0000,Create Base Button Class,'
 7 files changed, 12 insertions(+), 10 deletions(-)

'7292ad8,MiguelAnastacio,Tue, 7 Mar 2023 16:33:58 +0000,UI Improvements, Restart Game, Events,'
 31 files changed, 158 insertions(+), 89 deletions(-)

'7cae289,JakeSullivan3D,Tue, 7 Mar 2023 15:27:27 +0000,Panner-controls/Pyramid ship,'
 10 files changed, 27 insertions(+), 7 deletions(-)

'c4fe3e3,robotnicboy,Tue, 7 Mar 2023 14:53:27 +0000,Tweaked Some Settings,'
 9 files changed, 253 insertions(+), 33 deletions(-)

'2e25599,MiguelAnastacio,Tue, 7 Mar 2023 11:44:19 +0000,Empty Changes,'
 6 files changed, 2 insertions(+), 15 deletions(-)

'3663e67,MiguelAnastacio,Tue, 7 Mar 2023 11:28:34 +0000,UI Changes, Events, Quest Target, Unique Planets,'
 25 files changed, 131 insertions(+), 54 deletions(-)

'b823f35,robotnicboy,Tue, 7 Mar 2023 11:21:52 +0000,Some Little Changes,'
 6 files changed, 33 insertions(+), 7 deletions(-)

'062054f,robotnicboy,Tue, 7 Mar 2023 02:06:28 +0000,Feature Polish And Some new Camera Stuff,'
 19 files changed, 318 insertions(+), 132 deletions(-)

'21eff73,MiguelAnastacio,Mon, 6 Mar 2023 11:35:20 +0000,Empty Changes,'
 2 files changed, 4 deletions(-)

'3f08a1c,MiguelAnastacio,Mon, 6 Mar 2023 11:00:20 +0000,Vendors, placeholder quest, camera distance,'
 8 files changed, 17 insertions(+), 19 deletions(-)

'bbf22d2,robotnicboy,Sat, 4 Mar 2023 09:29:19 +0000,Added Some Audio Functionality and More Stuff to the route data,'
 15 files changed, 99 insertions(+), 41 deletions(-)

'6bf44ff,robotnicboy,Fri, 3 Mar 2023 20:40:31 +0000,Added Some Misc Changes and An Audio Test,'
 21 files changed, 68 insertions(+), 37 deletions(-)

'b3e8cc9,MiguelAnastacio,Thu, 2 Mar 2023 17:53:48 +0000,BP_route changes,'
 2 files changed, 3 insertions(+), 3 deletions(-)

'86e0f90,MiguelAnastacio,Thu, 2 Mar 2023 15:17:07 +0000,Planet MarsLike, QuestUI,'
 15 files changed, 54 insertions(+), 21 deletions(-)

'15a976b,MiguelAnastacio,Thu, 2 Mar 2023 12:19:26 +0000,Completing quest,'
 3 files changed, 25 insertions(+), 74 deletions(-)

'2d4a4a8,MiguelAnastacio,Thu, 2 Mar 2023 12:02:41 +0000,Event Option, View when orbiting,'
 3 files changed, 40 insertions(+), 4 deletions(-)

'9cfd38b,MiguelAnastacio,Wed, 1 Mar 2023 18:37:16 +0000,Buy Items,'
 3 files changed, 6 insertions(+), 6 deletions(-)

'b5d61da,MiguelAnastacio,Wed, 1 Mar 2023 18:24:56 +0000,Select screen, Event options and cost,'
 23 files changed, 90 insertions(+), 32 deletions(-)

'484968e,MiguelAnastacio,Wed, 1 Mar 2023 15:38:10 +0000,Player now has money,'
 3 files changed, 6 insertions(+), 4 deletions(-)

'c4d1347,MiguelAnastacio,Wed, 1 Mar 2023 15:34:11 +0000,Change the location of Generate route,'
 3 files changed, 4 insertions(+), 9 deletions(-)

'b1da0fc,MiguelAnastacio,Wed, 1 Mar 2023 13:39:33 +0000,Changed planet camera,'
 3 files changed, 8 insertions(+), 3 deletions(-)

'a63156d,MiguelAnastacio,Wed, 1 Mar 2023 13:19:53 +0000,Jake map,'
 4 files changed, 10 insertions(+), 4 deletions(-)

'c2445a3,MiguelAnastacio,Wed, 1 Mar 2023 12:58:01 +0000,Checkpoint screen init,'
 2 files changed, 5 insertions(+), 2 deletions(-)

'4f8a83c,MiguelAnastacio,Wed, 1 Mar 2023 12:56:37 +0000,Main Menu,'
 33 files changed, 86 insertions(+), 52 deletions(-)

'508a052,JakeSullivan3D,Wed, 1 Mar 2023 12:46:39 +0000,Lighting Example map added,'
 4 files changed, 10 insertions(+), 4 deletions(-)

'ad6c979,MiguelAnastacio,Tue, 28 Feb 2023 18:56:04 +0000,Select Screen Fix/ HUD/ Route Position,'
 13 files changed, 218 insertions(+), 20 deletions(-)

'6bcb2f3,MiguelAnastacio,Tue, 28 Feb 2023 16:32:38 +0000,RouteScreen,'
 5 files changed, 27 insertions(+), 2 deletions(-)

'9501edd,MiguelAnastacio,Tue, 28 Feb 2023 16:15:12 +0000,Chaged planet mesh,'
 4 files changed, 8 insertions(+), 8 deletions(-)

'2541ff3,robotnicboy,Tue, 28 Feb 2023 15:50:10 +0000,FIX: made the states and deligations work together,'
 4 files changed, 311 insertions(+), 305 deletions(-)

'c57502a,JakeSullivan3D,Tue, 28 Feb 2023 15:50:04 +0000,JS-First Update,'
 21 files changed, 59 insertions(+), 5 deletions(-)

'85f8532,JakeSullivan3D,Tue, 28 Feb 2023 15:12:19 +0000,Test Commit,'
 7 files changed, 16 insertions(+), 10 deletions(-)

'234bc77,MiguelAnastacio,Tue, 28 Feb 2023 12:23:43 +0000,Added price to item,'
 4 files changed, 6 insertions(+), 4 deletions(-)

'fad1377,robotnicboy,Tue, 28 Feb 2023 08:38:08 +0000,WIP: Camera, Background Planets, finilizing route,'
 24 files changed, 310 insertions(+), 410 deletions(-)

'298e26b,MiguelAnastacio,Mon, 27 Feb 2023 15:25:46 +0000,Code cleanup,'
 3 files changed, 9 insertions(+), 6 deletions(-)

'0605267,MiguelAnastacio,Mon, 27 Feb 2023 15:25:28 +0000,Code cleanup,'
 4 files changed, 8 insertions(+), 8 deletions(-)

'74473c6,MiguelAnastacio,Wed, 22 Feb 2023 16:37:25 +0000,Game Events change,'
 6 files changed, 24 insertions(+), 8 deletions(-)

'3c4a89c,MiguelAnastacio,Wed, 22 Feb 2023 16:19:43 +0000,Custom Events,'
 10 files changed, 44 insertions(+), 25 deletions(-)

'09a323e,MiguelAnastacio,Wed, 22 Feb 2023 14:41:03 +0000,Events for state transitions,'
 5 files changed, 38 insertions(+), 12 deletions(-)

'064285d,MiguelAnastacio,Wed, 22 Feb 2023 13:03:53 +0000,UI problems / Rotation FIX,'
 11 files changed, 23 insertions(+), 20 deletions(-)

'ed9c7ab,MiguelAnastacio,Wed, 22 Feb 2023 12:14:39 +0000,Change State Events,'
 10 files changed, 53 insertions(+), 24 deletions(-)

'8cdd77d,MiguelAnastacio,Tue, 21 Feb 2023 19:06:36 +0000,Event Tick and fix to player blueprint HUD,'
 5 files changed, 23 insertions(+), 13 deletions(-)

'03beb60,MiguelAnastacio,Tue, 21 Feb 2023 17:43:15 +0000,Fixed Acessing Files Problem,'
 45 files changed, 49 insertions(+), 34 deletions(-)

'ea0f381,MiguelAnastacio,Tue, 21 Feb 2023 16:10:17 +0000,Fixed Event Component Crashing,'
 2 files changed, 6 insertions(+), 2 deletions(-)

'563e312,MiguelAnastacio,Tue, 21 Feb 2023 15:59:49 +0000,Combining stuff,'
 33 files changed, 115 insertions(+), 220 deletions(-)

'206b4d3,MiguelAnastacio,Tue, 21 Feb 2023 11:45:55 +0000,UIAssets and test planets added,'
 19 files changed, 49 insertions(+), 16 deletions(-)

'144e94a,MiguelAnastacio,Tue, 21 Feb 2023 11:38:16 +0000,Some small UI changes,'
 8 files changed, 18 insertions(+), 12 deletions(-)

'6c58d1e,robotnicboy,Tue, 21 Feb 2023 08:03:11 +0000,Bringing in code from my local project,'
 36 files changed, 2474 insertions(+)

'36cb32e,MiguelAnastacio,Thu, 16 Feb 2023 13:18:06 +0000,Sounds and City screen draft,'
 10 files changed, 22 insertions(+), 16 deletions(-)

'ea7cab4,MiguelAnastacio,Wed, 15 Feb 2023 17:25:29 +0000,Quests,'
 28 files changed, 178 insertions(+), 30 deletions(-)

'6c01b43,MiguelAnastacio,Wed, 15 Feb 2023 11:42:01 +0000,Ported from my local project,'
 44 files changed, 1027 insertions(+), 8 deletions(-)

'cb790ef,MiguelAnastacio,Tue, 14 Feb 2023 17:55:57 +0000,Player Character,'
 4 files changed, 39 insertions(+), 38 deletions(-)

'f2aacbd,MiguelAnastacio,Tue, 14 Feb 2023 14:55:26 +0000,Action Mapping,'
 1 file changed, 83 insertions(+)

'51d4a4b,MiguelAnastacio,Tue, 14 Feb 2023 14:51:10 +0000,Empty level + character,'
 19 files changed, 353 insertions(+), 12 deletions(-)

'0f455fa,MiguelAnastacio,Tue, 14 Feb 2023 13:07:10 +0000,Initial Commit,'
 278 files changed, 941 insertions(+)

'a7b5a79,MiguelAnastacio,Tue, 14 Feb 2023 13:06:30 +0000,Set git attributes,'
 1 file changed, 25 insertions(+)

'fe66125,MiguelAnastacio,Tue, 14 Feb 2023 12:53:30 +0000,Initial commit,'
 3 files changed, 78 insertions(+)
